datetime,baseline,e,n,u,distance_m,nominal_distance_m,q,ns,status
04/09/2026 13:03:15.000,5000-5001,0.2626,0.1052,0.0115,0.2831,0.28,1,14,normal
04/09/2026 13:03:15.000,5000-5002,-0.2623,-0.078,0.0172,0.2742,0.28,1,14,normal
04/09/2026 13:03:16.000,5000-5001,0.263,0.1049,0.0113,0.2834,0.28,1,14,normal
04/09/2026 13:03:16.000,5000-5002,-0.2623,-0.0788,0.0208,0.2747,0.28,1,14,normal
04/09/2026 13:03:17.000,5000-5002,-0.2628,-0.0802,0.0177,0.2753,0.28,1,14,normal
04/09/2026 13:03:17.000,5000-5001,0.2624,0.1029,0.0084,0.282,0.28,1,14,normal
04/09/2026 13:03:18.000,5000-5001,0.2617,0.1022,0.0082,0.2811,0.28,1,14,normal
04/09/2026 13:03:18.000,5000-5002,-0.2623,-0.0798,0.0198,0.2749,0.28,1,14,normal
04/09/2026 13:03:19.000,5000-5002,-0.2617,-0.0811,0.0199,0.2747,0.28,1,14,normal
04/09/2026 13:03:19.000,5000-5001,0.2634,0.1024,0.0107,0.2828,0.28,1,14,normal
04/09/2026 13:03:20.000,5000-5001,0.2618,0.1022,0.0097,0.2812,0.28,1,14,normal
04/09/2026 13:03:20.000,5000-5002,-0.2619,-0.0812,0.0178,0.2748,0.28,1,14,normal
04/09/2026 13:03:21.000,5000-5001,0.261,0.1042,0.0096,0.2812,0.28,1,14,normal
04/09/2026 13:03:21.000,5000-5002,-0.2616,-0.0797,0.0172,0.274,0.28,1,14,normal
04/09/2026 13:03:22.000,5000-5001,0.2615,0.1038,0.0099,0.2815,0.28,1,14,normal
04/09/2026 13:03:22.000,5000-5002,-0.2619,-0.0792,0.0204,0.2744,0.28,1,14,normal
04/09/2026 13:03:23.000,5000-5001,0.2623,0.1031,0.0093,0.282,0.28,1,14,normal
04/09/2026 13:03:23.000,5000-5002,-0.2621,-0.0805,0.0184,0.2748,0.28,1,14,normal
04/09/2026 13:03:24.000,5000-5002,-0.2607,-0.0798,0.0205,0.2734,0.28,1,14,normal
04/09/2026 13:03:24.000,5000-5001,0.2631,0.1056,0.008,0.2836,0.28,1,14,normal
04/09/2026 13:03:25.000,5000-5001,0.2619,0.1036,0.0062,0.2817,0.28,1,14,normal
04/09/2026 13:03:25.000,5000-5002,-0.2639,-0.08,0.0153,0.2762,0.28,1,14,normal
04/09/2026 13:03:26.000,5000-5001,0.2638,0.1048,0.0098,0.284,0.28,1,14,normal
04/09/2026 13:03:26.000,5000-5002,-0.2614,-0.0785,0.02,0.2737,0.28,1,14,normal
04/09/2026 13:03:27.000,5000-5002,-0.2621,-0.0797,0.0167,0.2745,0.28,1,14,normal
04/09/2026 13:03:27.000,5000-5001,0.2621,0.1027,0.0083,0.2816,0.28,1,14,normal
04/09/2026 13:03:28.000,5000-5002,-0.2619,-0.0808,0.0132,0.2744,0.28,1,14,normal
04/09/2026 13:03:28.000,5000-5001,0.263,0.1026,0.0072,0.2824,0.28,1,14,normal
04/09/2026 13:03:29.000,5000-5002,-0.2625,-0.0816,0.0165,0.2754,0.28,1,14,normal
04/09/2026 13:03:29.000,5000-5001,0.263,0.1028,0.0068,0.2825,0.28,1,14,normal
04/09/2026 13:03:30.000,5000-5001,0.2632,0.105,0.0121,0.2836,0.28,1,14,normal
04/09/2026 13:03:30.000,5000-5002,-0.2621,-0.0802,0.018,0.2747,0.28,1,14,normal
04/09/2026 13:03:31.000,5000-5001,0.2635,0.1028,0.0112,0.2831,0.28,1,14,normal
04/09/2026 13:03:31.000,5000-5002,-0.2622,-0.0799,0.0207,0.2749,0.28,1,14,normal
04/09/2026 13:03:32.000,5000-5001,0.2638,0.1031,0.0111,0.2834,0.28,1,14,normal
04/09/2026 13:03:32.000,5000-5002,-0.2619,-0.0806,0.0212,0.2748,0.28,1,14,normal
04/09/2026 13:03:33.000,5000-5002,-0.2617,-0.0788,0.018,0.2739,0.28,1,14,normal
04/09/2026 13:03:33.000,5000-5001,0.2632,0.1044,0.0081,0.2833,0.28,1,14,normal
04/09/2026 13:03:34.000,5000-5002,-0.2607,-0.0795,0.0185,0.2732,0.28,1,14,normal
04/09/2026 13:03:34.000,5000-5001,0.2642,0.1047,0.0089,0.2843,0.28,1,14,normal
04/09/2026 13:03:35.000,5000-5002,-0.2618,-0.0781,0.0179,0.2738,0.28,1,14,normal
04/09/2026 13:03:35.000,5000-5001,0.2631,0.1037,0.0107,0.283,0.28,1,14,normal
04/09/2026 13:03:36.000,5000-5001,0.2633,0.1039,0.0085,0.2832,0.28,1,14,normal
04/09/2026 13:03:36.000,5000-5002,-0.2615,-0.0804,0.018,0.2742,0.28,1,14,normal
04/09/2026 13:03:37.000,5000-5001,0.2628,0.1038,0.0075,0.2827,0.28,1,14,normal
04/09/2026 13:03:37.000,5000-5002,-0.2623,-0.0787,0.0175,0.2744,0.28,1,14,normal
04/09/2026 13:03:38.000,5000-5002,-0.2611,-0.0776,0.0174,0.2729,0.28,1,14,normal
04/09/2026 13:03:38.000,5000-5001,0.2636,0.1058,0.0104,0.2842,0.28,1,14,normal
04/09/2026 13:03:39.000,5000-5002,-0.2609,-0.0792,0.0195,0.2734,0.28,1,14,normal
04/09/2026 13:03:39.000,5000-5001,0.2644,0.1047,0.0112,0.2846,0.28,1,14,normal
04/09/2026 13:03:40.000,5000-5002,-0.2605,-0.0796,0.0201,0.2731,0.28,1,14,normal
04/09/2026 13:03:40.000,5000-5001,0.2649,0.1028,0.0095,0.2843,0.28,1,14,normal
04/09/2026 13:03:41.000,5000-5001,0.2636,0.1019,0.0127,0.2829,0.28,1,14,normal
04/09/2026 13:03:41.000,5000-5002,-0.2614,-0.0813,0.0201,0.2745,0.28,1,14,normal
04/09/2026 13:03:42.000,5000-5002,-0.26,-0.0796,0.0222,0.2728,0.28,1,14,normal
04/09/2026 13:03:42.000,5000-5001,0.2638,0.1035,0.0132,0.2837,0.28,1,14,normal
04/09/2026 13:03:43.000,5000-5001,0.2627,0.1027,0.0113,0.2823,0.28,1,14,normal
04/09/2026 13:03:43.000,5000-5002,-0.2631,-0.0791,0.0206,0.2755,0.28,1,14,normal
04/09/2026 13:03:44.000,5000-5001,0.2637,0.1029,0.0087,0.2832,0.28,1,14,normal
04/09/2026 13:03:44.000,5000-5002,-0.2621,-0.0802,0.0179,0.2747,0.28,1,14,normal
04/09/2026 13:03:45.000,5000-5002,-0.2624,-0.0792,0.0168,0.2746,0.28,1,14,normal
04/09/2026 13:03:45.000,5000-5001,0.2634,0.1026,0.0066,0.2828,0.28,1,14,normal
04/09/2026 13:03:46.000,5000-5001,0.2627,0.1043,0.008,0.2828,0.28,1,14,normal
04/09/2026 13:03:46.000,5000-5002,-0.2616,-0.0775,0.0166,0.2733,0.28,1,14,normal
04/09/2026 13:03:47.000,5000-5001,0.2634,0.1037,0.0075,0.2832,0.28,1,14,normal
04/09/2026 13:03:47.000,5000-5002,-0.2619,-0.0795,0.016,0.2742,0.28,1,14,normal
04/09/2026 13:03:48.000,5000-5001,0.2622,0.1047,0.0109,0.2825,0.28,1,14,normal
04/09/2026 13:03:48.000,5000-5002,-0.2621,-0.0785,0.0174,0.2742,0.28,1,14,normal
04/09/2026 13:03:49.000,5000-5002,-0.2617,-0.0802,0.0169,0.2742,0.28,1,14,normal
04/09/2026 13:03:49.000,5000-5001,0.2635,0.1019,0.0085,0.2826,0.28,1,14,normal
04/09/2026 13:03:50.000,5000-5002,-0.2614,-0.0798,0.0193,0.274,0.28,1,14,normal
04/09/2026 13:03:50.000,5000-5001,0.2629,0.102,0.0085,0.2821,0.28,1,14,normal
04/09/2026 13:03:51.000,5000-5002,-0.2617,-0.0782,0.017,0.2737,0.28,1,14,normal
04/09/2026 13:03:51.000,5000-5001,0.2641,0.1042,0.0104,0.2841,0.28,1,14,normal
04/09/2026 13:03:52.000,5000-5002,-0.2601,-0.0779,0.0221,0.2724,0.28,1,14,normal
04/09/2026 13:03:52.000,5000-5001,0.2635,0.1039,0.01,0.2834,0.28,1,14,normal
04/09/2026 13:03:53.000,5000-5002,-0.2614,-0.0793,0.016,0.2736,0.28,1,14,normal
04/09/2026 13:03:53.000,5000-5001,0.2626,0.103,0.0081,0.2822,0.28,1,14,normal
04/09/2026 13:03:54.000,5000-5001,0.2631,0.1039,0.0119,0.2831,0.28,1,14,normal
04/09/2026 13:03:54.000,5000-5002,-0.2613,-0.0771,0.0199,0.2732,0.28,1,14,normal
04/09/2026 13:03:55.000,5000-5002,-0.2638,-0.0807,0.0195,0.2766,0.28,1,14,normal
04/09/2026 13:03:55.000,5000-5001,0.2606,0.102,0.01,0.28,0.28,1,14,normal
04/09/2026 13:03:56.000,5000-5001,0.2643,0.1043,0.0107,0.2843,0.28,1,14,normal
04/09/2026 13:03:56.000,5000-5002,-0.2607,-0.0788,0.0193,0.273,0.28,1,14,normal
04/09/2026 13:03:57.000,5000-5001,0.2649,0.1046,0.0102,0.285,0.28,1,14,normal
04/09/2026 13:03:57.000,5000-5002,-0.2604,-0.0789,0.0188,0.2727,0.28,1,14,normal
04/09/2026 13:03:58.000,5000-5001,0.2634,0.1037,0.0088,0.2832,0.28,1,14,normal
04/09/2026 13:03:58.000,5000-5002,-0.2623,-0.0791,0.0168,0.2745,0.28,1,14,normal
04/09/2026 13:03:59.000,5000-5001,0.2637,0.1024,0.0109,0.2831,0.28,1,14,normal
04/09/2026 13:03:59.000,5000-5002,-0.2612,-0.08,0.0201,0.2739,0.28,1,14,normal
04/09/2026 13:04:00.000,5000-5002,-0.2633,-0.0803,0.019,0.2759,0.28,1,14,normal
04/09/2026 13:04:00.000,5000-5001,0.2629,0.1012,0.0072,0.2818,0.28,1,14,normal
04/09/2026 13:04:01.000,5000-5001,0.2626,0.1029,0.0091,0.2822,0.28,1,14,normal
04/09/2026 13:04:01.000,5000-5002,-0.2611,-0.0795,0.0174,0.2735,0.28,1,14,normal
04/09/2026 13:04:02.000,5000-5001,0.2625,0.1034,0.0133,0.2824,0.28,1,14,normal
04/09/2026 13:04:02.000,5000-5002,-0.2622,-0.0795,0.0214,0.2748,0.28,1,14,normal
04/09/2026 13:04:03.000,5000-5001,0.2631,0.1019,0.0094,0.2823,0.28,1,14,normal
04/09/2026 13:04:03.000,5000-5002,-0.2616,-0.0808,0.0173,0.2743,0.28,1,14,normal
04/09/2026 13:04:04.000,5000-5002,-0.262,-0.0781,0.0185,0.274,0.28,1,14,normal
04/09/2026 13:04:04.000,5000-5001,0.2633,0.1045,0.0112,0.2835,0.28,1,14,normal
04/09/2026 13:04:05.000,5000-5002,-0.2624,-0.0806,0.0175,0.2751,0.28,1,14,normal
04/09/2026 13:04:05.000,5000-5001,0.2636,0.1033,0.0085,0.2832,0.28,1,14,normal
04/09/2026 13:04:06.000,5000-5002,-0.2621,-0.0794,0.02,0.2746,0.28,1,14,normal
04/09/2026 13:04:06.000,5000-5001,0.2647,0.1038,0.0084,0.2844,0.28,1,14,normal
04/09/2026 13:04:07.000,5000-5001,0.2634,0.1021,0.0096,0.2827,0.28,1,14,normal
04/09/2026 13:04:07.000,5000-5002,-0.2615,-0.0812,0.0173,0.2744,0.28,1,14,normal
04/09/2026 13:04:08.000,5000-5001,0.2653,0.1036,0.0122,0.2851,0.28,1,14,normal
04/09/2026 13:04:08.000,5000-5002,-0.2613,-0.0801,0.018,0.2739,0.28,1,14,normal
04/09/2026 13:04:09.000,5000-5002,-0.2616,-0.0792,0.0219,0.2742,0.28,1,14,normal
04/09/2026 13:04:09.000,5000-5001,0.2634,0.1053,0.0111,0.2839,0.28,1,14,normal
04/09/2026 13:04:41.000,5000-5001,0.2655,0.1006,0.0097,0.2841,0.28,1,14,normal
04/09/2026 13:04:41.000,5000-5002,-0.261,-0.0818,0.0161,0.274,0.28,1,14,normal
04/09/2026 13:04:42.000,5000-5002,-0.2614,-0.0802,0.0159,0.2739,0.28,1,14,normal
04/09/2026 13:04:42.000,5000-5001,0.2647,0.102,0.0104,0.2839,0.28,1,14,normal
04/09/2026 13:04:43.000,5000-5001,0.2659,0.1031,0.0081,0.2853,0.28,1,14,normal
04/09/2026 13:04:43.000,5000-5002,-0.2597,-0.0793,0.0142,0.2719,0.28,1,14,normal
04/09/2026 13:04:44.000,5000-5002,-0.2591,-0.0798,0.0113,0.2713,0.28,1,14,normal
04/09/2026 13:04:44.000,5000-5001,0.2653,0.1024,0.0046,0.2844,0.28,1,14,normal
04/09/2026 13:04:45.000,5000-5001,0.2656,0.1038,0.0098,0.2853,0.28,1,14,normal
04/09/2026 13:04:45.000,5000-5002,-0.2598,-0.0769,0.0177,0.2715,0.28,1,14,normal
04/09/2026 13:04:46.000,5000-5002,-0.2598,-0.0782,0.0156,0.2718,0.28,1,14,normal
04/09/2026 13:04:46.000,5000-5001,0.2651,0.1031,0.0129,0.2847,0.28,1,14,normal
04/09/2026 13:04:47.000,5000-5002,-0.2599,-0.0782,0.0129,0.2717,0.28,1,14,normal
04/09/2026 13:04:47.000,5000-5001,0.2654,0.1039,0.0077,0.2851,0.28,1,14,normal
04/09/2026 13:04:48.000,5000-5001,0.2646,0.1038,0.0104,0.2844,0.28,1,14,normal
04/09/2026 13:04:48.000,5000-5002,-0.2601,-0.0772,0.0147,0.2717,0.28,1,14,normal
04/09/2026 13:04:49.000,5000-5001,0.2649,0.1044,0.0112,0.285,0.28,1,14,normal
04/09/2026 13:04:49.000,5000-5002,-0.259,-0.0773,0.0138,0.2706,0.28,1,14,normal
04/09/2026 13:04:50.000,5000-5001,0.268,0.1071,0.0105,0.2888,0.28,1,14,normal
04/09/2026 13:04:50.000,5000-5002,-0.2582,-0.0752,0.0161,0.2694,0.28,1,14,normal
04/09/2026 13:04:51.000,5000-5002,-0.2601,-0.0786,0.0151,0.2721,0.28,1,14,normal
04/09/2026 13:04:51.000,5000-5001,0.2648,0.1042,0.0101,0.2847,0.28,1,14,normal
04/09/2026 13:04:52.000,5000-5001,0.2651,0.1036,0.0109,0.2848,0.28,1,14,normal
04/09/2026 13:04:52.000,5000-5002,-0.2597,-0.0764,0.0173,0.2713,0.28,1,14,normal
04/09/2026 13:04:53.000,5000-5002,-0.2592,-0.0788,0.013,0.2712,0.28,1,14,normal
04/09/2026 13:04:53.000,5000-5001,0.2663,0.1033,0.0062,0.2857,0.28,1,14,normal
04/09/2026 13:04:54.000,5000-5002,-0.2597,-0.0787,0.0139,0.2717,0.28,1,14,normal
04/09/2026 13:04:54.000,5000-5001,0.2659,0.1053,0.0078,0.2861,0.28,1,14,normal
04/09/2026 13:04:55.000,5000-5001,0.2665,0.1069,0.0115,0.2874,0.28,1,14,normal
04/09/2026 13:04:55.000,5000-5002,-0.2596,-0.0752,0.0169,0.2708,0.28,1,14,normal
04/09/2026 13:04:56.000,5000-5001,0.2667,0.1045,0.0085,0.2866,0.28,1,14,normal
04/09/2026 13:04:56.000,5000-5002,-0.2591,-0.0791,0.0148,0.2713,0.28,1,14,normal
04/09/2026 13:04:57.000,5000-5001,0.2665,0.1066,0.0116,0.2873,0.28,1,14,normal
04/09/2026 13:04:57.000,5000-5002,-0.2573,-0.0755,0.0144,0.2685,0.28,1,14,normal
04/09/2026 13:04:58.000,5000-5001,0.2655,0.1048,0.0115,0.2857,0.28,1,14,normal
04/09/2026 13:04:58.000,5000-5002,-0.2595,-0.0785,0.0157,0.2716,0.28,1,14,normal
04/09/2026 13:04:59.000,5000-5001,0.2656,0.1051,0.0107,0.2858,0.28,1,14,normal
04/09/2026 13:04:59.000,5000-5002,-0.2598,-0.0776,0.0152,0.2716,0.28,1,14,normal
04/09/2026 13:05:00.000,5000-5001,0.2656,0.1043,0.0076,0.2854,0.28,1,14,normal
04/09/2026 13:05:00.000,5000-5002,-0.26,-0.078,0.014,0.2718,0.28,1,14,normal
04/09/2026 13:05:01.000,5000-5001,0.2661,0.1032,0.0043,0.2854,0.28,1,14,normal
04/09/2026 13:05:01.000,5000-5002,-0.2594,-0.0766,0.0144,0.2709,0.28,1,14,normal
04/09/2026 13:05:02.000,5000-5001,0.2656,0.1045,0.0094,0.2856,0.28,1,14,normal
04/09/2026 13:05:02.000,5000-5002,-0.2605,-0.0774,0.0153,0.2722,0.28,1,14,normal
04/09/2026 13:05:03.000,5000-5002,-0.2603,-0.078,0.0123,0.272,0.28,1,14,normal
04/09/2026 13:05:03.000,5000-5001,0.2657,0.1035,0.008,0.2853,0.28,1,14,normal
04/09/2026 13:05:04.000,5000-5002,-0.2601,-0.078,0.0133,0.2719,0.28,1,14,normal
04/09/2026 13:05:04.000,5000-5001,0.2658,0.1029,0.0074,0.2851,0.28,1,14,normal
04/09/2026 13:05:05.000,5000-5001,0.2671,0.1052,0.0095,0.2872,0.28,1,14,normal
04/09/2026 13:05:05.000,5000-5002,-0.2581,-0.0768,0.0141,0.2697,0.28,1,14,normal
04/09/2026 13:05:06.000,5000-5001,0.2673,0.1051,0.0105,0.2874,0.28,1,14,normal
04/09/2026 13:05:06.000,5000-5002,-0.2588,-0.0768,0.0148,0.2704,0.28,1,14,normal
04/09/2026 13:05:07.000,5000-5002,-0.2606,-0.0783,0.0169,0.2726,0.28,1,14,normal
04/09/2026 13:05:07.000,5000-5001,0.2654,0.1029,0.0122,0.2849,0.28,1,14,normal
04/09/2026 13:05:08.000,5000-5002,-0.2602,-0.0767,0.0129,0.2716,0.28,1,14,normal
04/09/2026 13:05:08.000,5000-5001,0.2661,0.1046,0.0095,0.2861,0.28,1,14,normal
04/09/2026 13:05:09.000,5000-5002,-0.2598,-0.0781,0.0085,0.2714,0.28,1,14,normal
04/09/2026 13:05:09.000,5000-5001,0.2666,0.1049,0.0078,0.2866,0.28,1,14,normal
04/09/2026 13:05:10.000,5000-5001,0.2674,0.1049,0.0055,0.2873,0.28,1,14,normal
04/09/2026 13:05:10.000,5000-5002,-0.2591,-0.0776,0.0097,0.2706,0.28,1,14,normal
04/09/2026 13:05:11.000,5000-5001,0.2671,0.1055,0.0093,0.2873,0.28,1,14,normal
04/09/2026 13:05:11.000,5000-5002,-0.26,-0.0782,0.0152,0.2719,0.28,1,14,normal
04/09/2026 13:05:12.000,5000-5001,0.2667,0.1044,0.0068,0.2865,0.28,1,14,normal
04/09/2026 13:05:12.000,5000-5002,-0.2597,-0.0771,0.0115,0.2711,0.28,1,14,normal
04/09/2026 13:05:13.000,5000-5002,-0.2595,-0.0783,0.012,0.2713,0.28,1,14,normal
04/09/2026 13:05:13.000,5000-5001,0.266,0.105,0.01,0.2861,0.28,1,14,normal
04/09/2026 13:05:14.000,5000-5001,0.2664,0.1044,0.0088,0.2863,0.28,1,14,normal
04/09/2026 13:05:14.000,5000-5002,-0.2599,-0.0775,0.0127,0.2715,0.28,1,14,normal
04/09/2026 13:05:15.000,5000-5002,-0.2594,-0.0767,0.014,0.2709,0.28,1,14,normal
04/09/2026 13:05:15.000,5000-5001,0.2655,0.1035,0.0085,0.2851,0.28,1,14,normal
04/09/2026 13:05:16.000,5000-5001,0.2664,0.1045,0.0083,0.2863,0.28,1,14,normal
04/09/2026 13:05:16.000,5000-5002,-0.2598,-0.076,0.0116,0.2709,0.28,1,14,normal
04/09/2026 13:05:17.000,5000-5001,0.2671,0.1046,0.0078,0.287,0.28,1,14,normal
04/09/2026 13:05:17.000,5000-5002,-0.259,-0.0773,0.0095,0.2705,0.28,1,14,normal
04/09/2026 13:05:18.000,5000-5001,0.2654,0.1031,0.0089,0.2849,0.28,1,14,normal
04/09/2026 13:05:18.000,5000-5002,-0.2614,-0.0797,0.0139,0.2736,0.28,1,14,normal
04/09/2026 13:05:19.000,5000-5002,-0.2617,-0.0787,0.0102,0.2735,0.28,1,14,normal
04/09/2026 13:05:19.000,5000-5001,0.2653,0.1042,0.0096,0.2852,0.28,1,14,normal
04/09/2026 13:05:20.000,5000-5002,-0.2607,-0.0786,0.0101,0.2725,0.28,1,14,normal
04/09/2026 13:05:20.000,5000-5001,0.2667,0.1035,0.009,0.2862,0.28,1,14,normal
04/09/2026 13:05:21.000,5000-5001,0.2676,0.1038,0.0112,0.2872,0.28,1,14,normal
04/09/2026 13:05:21.000,5000-5002,-0.2596,-0.0775,0.0134,0.2713,0.28,1,14,normal
04/09/2026 13:05:22.000,5000-5002,-0.2582,-0.0757,0.015,0.2695,0.28,1,14,normal
04/09/2026 13:05:22.000,5000-5001,0.266,0.1045,0.0068,0.2859,0.28,1,14,normal
04/09/2026 13:05:23.000,5000-5002,-0.2599,-0.0783,0.0111,0.2717,0.28,1,14,normal
04/09/2026 13:05:23.000,5000-5001,0.2671,0.1071,0.0093,0.2879,0.28,1,14,normal
04/09/2026 13:05:24.000,5000-5001,0.2664,0.106,0.0048,0.2868,0.28,1,14,normal
04/09/2026 13:05:24.000,5000-5002,-0.2599,-0.077,0.0102,0.2713,0.28,1,14,normal
04/09/2026 13:05:25.000,5000-5001,0.2661,0.1066,0.0091,0.2868,0.28,1,14,normal
04/09/2026 13:05:25.000,5000-5002,-0.2612,-0.0764,0.0133,0.2725,0.28,1,14,normal
04/09/2026 13:05:26.000,5000-5001,0.268,0.1073,0.0058,0.2887,0.28,1,14,normal
04/09/2026 13:05:26.000,5000-5002,-0.2587,-0.0755,0.0111,0.2697,0.28,1,14,normal
04/09/2026 13:05:27.000,5000-5002,-0.2593,-0.077,0.0076,0.2706,0.28,1,14,normal
04/09/2026 13:05:27.000,5000-5001,0.2667,0.1059,0.0059,0.287,0.28,1,14,normal
04/09/2026 13:05:28.000,5000-5002,-0.2595,-0.0784,0.0076,0.2712,0.28,1,14,normal
04/09/2026 13:05:28.000,5000-5001,0.266,0.1042,0.0069,0.2858,0.28,1,14,normal
04/09/2026 13:05:29.000,5000-5002,-0.2587,-0.0769,0.0125,0.2702,0.28,1,14,normal
04/09/2026 13:05:29.000,5000-5001,0.2671,0.1053,0.009,0.2872,0.28,1,14,normal
04/09/2026 13:05:30.000,5000-5002,-0.2599,-0.0785,0.0102,0.2717,0.28,1,14,normal
04/09/2026 13:05:30.000,5000-5001,0.2653,0.1032,0.0077,0.2848,0.28,1,14,normal
04/09/2026 13:05:31.000,5000-5001,0.2674,0.106,0.005,0.2877,0.28,1,14,normal
04/09/2026 13:05:31.000,5000-5002,-0.2592,-0.0768,0.0101,0.2705,0.28,1,14,normal
04/09/2026 13:05:32.000,5000-5002,-0.2584,-0.0754,0.0102,0.2694,0.28,1,14,normal
04/09/2026 13:05:32.000,5000-5001,0.2676,0.1042,0.0071,0.2873,0.28,1,14,normal
04/09/2026 13:05:33.000,5000-5002,-0.2585,-0.0768,0.011,0.2699,0.28,1,14,normal
04/09/2026 13:05:33.000,5000-5001,0.2678,0.1054,0.0074,0.2879,0.28,1,14,normal
04/09/2026 13:05:34.000,5000-5001,0.2667,0.105,0.0071,0.2867,0.28,1,14,normal
04/09/2026 13:05:34.000,5000-5002,-0.2595,-0.0776,0.0088,0.271,0.28,1,14,normal
04/09/2026 13:05:35.000,5000-5002,-0.2597,-0.076,0.0106,0.2708,0.28,1,14,normal
04/09/2026 13:05:35.000,5000-5001,0.2666,0.1057,0.0085,0.2869,0.28,1,14,normal
04/09/2026 13:05:36.000,5000-5001,0.267,0.1039,0.0056,0.2866,0.28,1,14,normal
04/09/2026 13:05:36.000,5000-5002,-0.2587,-0.0774,0.0084,0.2702,0.28,1,14,normal
04/09/2026 13:05:37.000,5000-5001,0.265,0.1039,0.0098,0.2848,0.28,1,14,normal
04/09/2026 13:05:37.000,5000-5002,-0.2616,-0.0781,0.0109,0.2732,0.28,1,14,normal
04/09/2026 13:05:38.000,5000-5002,-0.2603,-0.076,0.0073,0.2713,0.28,1,14,normal
04/09/2026 13:05:38.000,5000-5001,0.2658,0.1064,0.0084,0.2864,0.28,1,14,normal
04/09/2026 13:05:39.000,5000-5002,-0.26,-0.0758,0.0073,0.2709,0.28,1,14,normal
04/09/2026 13:05:39.000,5000-5001,0.2661,0.1068,0.0074,0.2868,0.28,1,14,normal
04/09/2026 13:05:40.000,5000-5001,0.2659,0.105,0.0087,0.286,0.28,1,14,normal
04/09/2026 13:05:40.000,5000-5002,-0.2598,-0.0775,0.0094,0.2713,0.28,1,14,normal
04/09/2026 13:05:41.000,5000-5001,0.2662,0.1049,0.0068,0.2862,0.28,1,14,normal
04/09/2026 13:05:41.000,5000-5002,-0.2605,-0.0769,0.0061,0.2717,0.28,1,14,normal
04/09/2026 13:05:42.000,5000-5001,0.266,0.104,0.003,0.2856,0.28,1,14,normal
04/09/2026 13:05:42.000,5000-5002,-0.2595,-0.0768,0.0047,0.2707,0.28,1,14,normal
04/09/2026 13:05:43.000,5000-5001,0.2662,0.1063,0.0089,0.2868,0.28,1,14,normal
04/09/2026 13:05:43.000,5000-5002,-0.2596,-0.075,0.0128,0.2705,0.28,1,14,normal
04/09/2026 13:05:44.000,5000-5002,-0.2589,-0.0769,0.0098,0.2703,0.28,1,14,normal
04/09/2026 13:05:44.000,5000-5001,0.2677,0.1055,0.0077,0.2878,0.28,1,14,normal
04/09/2026 13:05:45.000,5000-5002,-0.2611,-0.076,0.0104,0.2721,0.28,1,14,normal
04/09/2026 13:05:45.000,5000-5001,0.2657,0.1057,0.0067,0.286,0.28,1,14,normal
04/09/2026 13:05:46.000,5000-5001,0.2663,0.1044,0.0064,0.2861,0.28,1,14,normal
04/09/2026 13:05:46.000,5000-5002,-0.2596,-0.0775,0.0075,0.271,0.28,1,14,normal
04/09/2026 13:05:47.000,5000-5002,-0.2608,-0.0755,0.007,0.2716,0.28,1,14,normal
04/09/2026 13:05:47.000,5000-5001,0.2654,0.1055,0.0086,0.2857,0.28,1,14,normal
04/09/2026 13:05:48.000,5000-5001,0.2662,0.1059,0.0102,0.2867,0.28,1,14,normal
04/09/2026 13:05:48.000,5000-5002,-0.2601,-0.0754,0.0116,0.2711,0.28,1,14,normal
04/09/2026 13:05:49.000,5000-5001,0.2667,0.1042,0.0103,0.2865,0.28,1,14,normal
04/09/2026 13:05:49.000,5000-5002,-0.26,-0.0743,0.0089,0.2706,0.28,1,14,normal
04/09/2026 13:05:50.000,5000-5001,0.2663,0.1066,0.0068,0.2869,0.28,1,14,normal
04/09/2026 13:05:50.000,5000-5002,-0.2595,-0.0753,0.0072,0.2703,0.28,1,14,normal
04/09/2026 13:05:51.000,5000-5002,-0.2596,-0.077,0.0097,0.271,0.28,1,14,normal
04/09/2026 13:05:51.000,5000-5001,0.2656,0.105,0.0099,0.2858,0.28,1,14,normal
04/09/2026 13:05:52.000,5000-5002,-0.2584,-0.0748,0.0109,0.2692,0.28,1,14,normal
04/09/2026 13:05:52.000,5000-5001,0.2672,0.1074,0.0081,0.2881,0.28,1,14,normal
04/09/2026 13:05:53.000,5000-5002,-0.2609,-0.0771,0.0055,0.2721,0.28,1,14,normal
04/09/2026 13:05:53.000,5000-5001,0.2672,0.1047,0.0047,0.287,0.28,1,14,normal
04/09/2026 13:05:54.000,5000-5001,0.2651,0.1057,0.0015,0.2854,0.28,1,14,normal
04/09/2026 13:05:54.000,5000-5002,-0.2607,-0.0754,0.0038,0.2714,0.28,1,14,normal
04/09/2026 13:05:55.000,5000-5002,-0.2619,-0.0756,0.0073,0.2727,0.28,1,14,normal
04/09/2026 13:05:55.000,5000-5001,0.2658,0.1066,0.0049,0.2864,0.28,1,14,normal
04/09/2026 13:05:56.000,5000-5001,0.2671,0.1067,0.0047,0.2877,0.28,1,14,normal
04/09/2026 13:05:56.000,5000-5002,-0.2592,-0.0763,0.0058,0.2703,0.28,1,14,normal
04/09/2026 13:05:57.000,5000-5001,0.2672,0.1071,0.0088,0.288,0.28,1,14,normal
04/09/2026 13:05:57.000,5000-5002,-0.2591,-0.0758,0.0055,0.27,0.28,1,14,normal
04/09/2026 13:05:58.000,5000-5001,0.2666,0.1049,0.0093,0.2866,0.28,1,14,normal
04/09/2026 13:05:58.000,5000-5002,-0.2604,-0.0776,0.0097,0.2719,0.28,1,14,normal
04/09/2026 13:05:59.000,5000-5001,0.2665,0.1058,0.0094,0.2869,0.28,1,14,normal
04/09/2026 13:05:59.000,5000-5002,-0.2596,-0.0773,0.01,0.271,0.28,1,14,normal
04/09/2026 13:06:00.000,5000-5001,0.2663,0.106,0.0081,0.2867,0.28,1,14,normal
04/09/2026 13:06:00.000,5000-5002,-0.2601,-0.0769,0.0111,0.2715,0.28,1,14,normal
04/09/2026 13:06:01.000,5000-5001,0.2662,0.1048,0.0097,0.2863,0.28,1,14,normal
04/09/2026 13:06:01.000,5000-5002,-0.2601,-0.077,0.0074,0.2714,0.28,1,14,normal
04/09/2026 13:06:02.000,5000-5001,0.2665,0.1053,0.0085,0.2867,0.28,1,14,normal
04/09/2026 13:06:02.000,5000-5002,-0.2593,-0.0761,0.0081,0.2704,0.28,1,14,normal
04/09/2026 13:06:03.000,5000-5002,-0.2597,-0.0754,0.0071,0.2705,0.28,1,14,normal
04/09/2026 13:06:03.000,5000-5001,0.2659,0.1064,0.006,0.2865,0.28,1,14,normal
04/09/2026 13:06:04.000,5000-5001,0.268,0.1078,0.0055,0.2889,0.28,1,14,normal
04/09/2026 13:06:04.000,5000-5002,-0.2582,-0.0733,0.0057,0.2685,0.28,1,14,normal
04/09/2026 13:06:05.000,5000-5002,-0.2585,-0.0753,0.0057,0.2693,0.28,1,14,normal
04/09/2026 13:06:05.000,5000-5001,0.2672,0.1061,0.0046,0.2875,0.28,1,14,normal
04/09/2026 13:06:06.000,5000-5002,-0.2579,-0.0754,0.0052,0.2687,0.28,1,14,normal
04/09/2026 13:06:06.000,5000-5001,0.2663,0.1055,0.0039,0.2865,0.28,1,14,normal
04/09/2026 13:06:07.000,5000-5002,-0.2579,-0.0738,0.0099,0.2684,0.28,1,14,normal
04/09/2026 13:06:07.000,5000-5001,0.2681,0.1072,0.0076,0.2888,0.28,1,14,normal
04/09/2026 13:06:08.000,5000-5001,0.2666,0.1054,0.0048,0.2867,0.28,1,14,normal
04/09/2026 13:06:08.000,5000-5002,-0.26,-0.0755,0.0088,0.2709,0.28,1,14,normal
04/09/2026 13:06:09.000,5000-5001,0.2669,0.1067,0.0021,0.2874,0.28,1,14,normal
04/09/2026 13:06:09.000,5000-5002,-0.2614,-0.076,0.0055,0.2723,0.28,1,14,normal
04/09/2026 13:06:10.000,5000-5001,0.2672,0.1045,0.0067,0.287,0.28,1,14,normal
04/09/2026 13:06:10.000,5000-5002,-0.2593,-0.0773,0.0081,0.2707,0.28,1,14,normal
04/09/2026 13:06:11.000,5000-5002,-0.2602,-0.0757,0.0069,0.2711,0.28,1,14,normal
04/09/2026 13:06:11.000,5000-5001,0.2663,0.1059,0.0068,0.2867,0.28,1,14,normal
04/09/2026 13:06:12.000,5000-5002,-0.2594,-0.0769,0.0102,0.2708,0.28,1,14,normal
04/09/2026 13:06:12.000,5000-5001,0.2671,0.1044,0.0095,0.2869,0.28,1,14,normal
04/09/2026 13:06:13.000,5000-5001,0.2672,0.1074,0.0098,0.2881,0.28,1,14,normal
04/09/2026 13:06:13.000,5000-5002,-0.2589,-0.0759,0.0098,0.27,0.28,1,14,normal
04/09/2026 13:06:14.000,5000-5001,0.2657,0.1056,0.0117,0.2862,0.28,1,14,normal
04/09/2026 13:06:14.000,5000-5002,-0.2608,-0.0762,0.0107,0.2719,0.28,1,14,normal
04/09/2026 13:06:15.000,5000-5002,-0.2599,-0.0745,0.0082,0.2705,0.28,1,14,normal
04/09/2026 13:06:15.000,5000-5001,0.2661,0.1088,0.0079,0.2876,0.28,1,14,normal
04/09/2026 13:06:16.000,5000-5002,-0.2607,-0.0762,0.0074,0.2717,0.28,1,14,normal
04/09/2026 13:06:16.000,5000-5001,0.2667,0.1074,0.0071,0.2876,0.28,1,14,normal
04/09/2026 13:06:17.000,5000-5002,-0.2603,-0.0769,0.008,0.2715,0.28,1,14,normal
04/09/2026 13:06:17.000,5000-5001,0.2656,0.1059,0.0063,0.286,0.28,1,14,normal
04/09/2026 13:06:18.000,5000-5002,-0.2595,-0.075,0.0043,0.2702,0.28,1,14,normal
04/09/2026 13:06:18.000,5000-5001,0.2665,0.108,0.0048,0.2876,0.28,1,14,normal
04/09/2026 13:06:19.000,5000-5001,0.2648,0.1085,0.0047,0.2862,0.28,1,14,normal
04/09/2026 13:06:19.000,5000-5002,-0.2616,-0.0741,0.0072,0.272,0.28,1,14,normal
04/09/2026 13:06:20.000,5000-5002,-0.261,-0.0767,0.0082,0.2722,0.28,1,14,normal
04/09/2026 13:06:20.000,5000-5001,0.2646,0.1051,0.0071,0.2848,0.28,1,14,normal
04/09/2026 13:06:21.000,5000-5001,0.2668,0.1059,0.0046,0.2871,0.28,1,14,normal
04/09/2026 13:06:21.000,5000-5002,-0.2594,-0.0764,0.0054,0.2705,0.28,1,14,normal
04/09/2026 13:06:22.000,5000-5001,0.2663,0.1038,0.0037,0.2858,0.28,1,14,normal
04/09/2026 13:06:22.000,5000-5002,-0.2605,-0.0769,0.0058,0.2717,0.28,1,14,normal
04/09/2026 13:06:23.000,5000-5001,0.2662,0.1068,0.0037,0.2868,0.28,1,14,normal
04/09/2026 13:06:23.000,5000-5002,-0.2596,-0.076,0.007,0.2706,0.28,1,14,normal
04/09/2026 13:06:24.000,5000-5002,-0.2613,-0.0777,0.0078,0.2727,0.28,1,14,normal
04/09/2026 13:06:24.000,5000-5001,0.2649,0.1051,0.0082,0.2851,0.28,1,14,normal
04/09/2026 13:06:25.000,5000-5001,0.2635,0.1042,0.0081,0.2835,0.28,1,14,normal
04/09/2026 13:06:25.000,5000-5002,-0.2615,-0.0776,0.0081,0.2729,0.28,1,14,normal
04/09/2026 13:06:26.000,5000-5001,0.2659,0.1072,0.0063,0.2868,0.28,1,14,normal
04/09/2026 13:06:26.000,5000-5002,-0.2614,-0.0768,0.0098,0.2726,0.28,1,14,normal
04/09/2026 13:06:27.000,5000-5001,0.2654,0.1076,0.0071,0.2865,0.28,1,14,normal
04/09/2026 13:06:27.000,5000-5002,-0.2595,-0.0762,0.0098,0.2706,0.28,1,14,normal
04/09/2026 13:06:28.000,5000-5002,-0.2611,-0.0765,0.0076,0.2722,0.28,1,14,normal
04/09/2026 13:06:28.000,5000-5001,0.2652,0.1064,0.0077,0.2859,0.28,1,14,normal
04/09/2026 13:06:29.000,5000-5001,0.2653,0.1075,0.0079,0.2864,0.28,1,14,normal
04/09/2026 13:06:29.000,5000-5002,-0.2602,-0.0744,0.0103,0.2708,0.28,1,14,normal
04/09/2026 13:06:30.000,5000-5002,-0.2608,-0.076,0.009,0.2718,0.28,1,14,normal
04/09/2026 13:06:30.000,5000-5001,0.266,0.1063,0.0058,0.2865,0.28,1,14,normal
04/09/2026 13:06:31.000,5000-5001,0.2657,0.1069,0.0054,0.2864,0.28,1,14,normal
04/09/2026 13:06:31.000,5000-5002,-0.2609,-0.0759,0.0054,0.2718,0.28,1,14,normal
04/09/2026 13:06:32.000,5000-5001,0.2654,0.1058,0.0055,0.2858,0.28,1,14,normal
04/09/2026 13:06:32.000,5000-5002,-0.2607,-0.0762,0.0061,0.2717,0.28,1,14,normal
04/09/2026 13:06:33.000,5000-5001,0.2651,0.1063,0.0077,0.2857,0.28,1,14,normal
04/09/2026 13:06:33.000,5000-5002,-0.2609,-0.077,0.0075,0.2721,0.28,1,14,normal
04/09/2026 13:06:34.000,5000-5002,-0.2625,-0.0786,0.008,0.2741,0.28,1,14,normal
04/09/2026 13:06:34.000,5000-5001,0.2644,0.1056,0.0061,0.2848,0.28,1,14,normal
04/09/2026 13:06:35.000,5000-5002,-0.2623,-0.0773,0.0074,0.2736,0.28,1,14,normal
04/09/2026 13:06:35.000,5000-5001,0.2661,0.1077,0.0059,0.2871,0.28,1,14,normal
04/09/2026 13:06:36.000,5000-5002,-0.2614,-0.0758,0.0032,0.2722,0.28,1,14,normal
04/09/2026 13:06:36.000,5000-5001,0.2655,0.1078,0.0065,0.2866,0.28,1,14,normal
04/09/2026 13:06:37.000,5000-5001,0.2671,0.1073,0.0037,0.2879,0.28,1,14,normal
04/09/2026 13:06:37.000,5000-5002,-0.2591,-0.0749,0.0064,0.2698,0.28,1,14,normal
04/09/2026 13:06:38.000,5000-5001,0.2662,0.1085,0.0067,0.2875,0.28,1,14,normal
04/09/2026 13:06:38.000,5000-5002,-0.2592,-0.075,0.0097,0.27,0.28,1,14,normal
04/09/2026 13:06:39.000,5000-5001,0.2642,0.1082,0.0024,0.2855,0.28,1,14,normal
04/09/2026 13:06:39.000,5000-5002,-0.2614,-0.0755,0.0081,0.2722,0.28,1,14,normal
04/09/2026 13:06:40.000,5000-5002,-0.2603,-0.0772,0.0078,0.2716,0.28,1,14,normal
04/09/2026 13:06:40.000,5000-5001,0.2655,0.1068,0.0036,0.2862,0.28,1,14,normal
04/09/2026 13:06:41.000,5000-5001,0.2644,0.1068,0.004,0.2852,0.28,1,14,normal
04/09/2026 13:06:41.000,5000-5002,-0.2609,-0.0776,0.0065,0.2723,0.28,1,14,normal
04/09/2026 13:06:42.000,5000-5001,0.2656,0.107,0.0056,0.2864,0.28,1,14,normal
04/09/2026 13:06:42.000,5000-5002,-0.2615,-0.0768,0.0111,0.2728,0.28,1,14,normal
04/09/2026 13:06:43.000,5000-5002,-0.2611,-0.0764,0.0102,0.2722,0.28,1,14,normal
04/09/2026 13:06:43.000,5000-5001,0.2647,0.1081,0.0084,0.286,0.28,1,14,normal
04/09/2026 13:06:44.000,5000-5001,0.2641,0.1084,0.0075,0.2856,0.28,1,14,normal
04/09/2026 13:06:44.000,5000-5002,-0.261,-0.0751,0.0081,0.2717,0.28,1,14,normal
04/09/2026 13:06:45.000,5000-5002,-0.2613,-0.0757,0.0093,0.2722,0.28,1,14,normal
04/09/2026 13:06:45.000,5000-5001,0.2645,0.1083,0.0069,0.2859,0.28,1,14,normal
04/09/2026 13:06:46.000,5000-5002,-0.2624,-0.0753,0.0121,0.2733,0.28,1,14,normal
04/09/2026 13:06:46.000,5000-5001,0.2644,0.1092,0.0086,0.2862,0.28,1,14,normal
04/09/2026 13:06:47.000,5000-5001,0.2652,0.1079,0.0056,0.2864,0.28,1,14,normal
04/09/2026 13:06:47.000,5000-5002,-0.2596,-0.0744,0.0094,0.2702,0.28,1,14,normal
04/09/2026 13:06:48.000,5000-5001,0.2655,0.1082,0.0035,0.2867,0.28,1,14,normal
04/09/2026 13:06:48.000,5000-5002,-0.2607,-0.0764,0.0098,0.2718,0.28,1,14,normal
04/09/2026 13:06:49.000,5000-5002,-0.2603,-0.0766,0.0091,0.2715,0.28,1,14,normal
04/09/2026 13:06:49.000,5000-5001,0.2645,0.1071,0.007,0.2854,0.28,1,14,normal
04/09/2026 13:06:50.000,5000-5002,-0.261,-0.0763,0.0067,0.272,0.28,1,14,normal
04/09/2026 13:06:50.000,5000-5001,0.2642,0.1074,0.0053,0.2852,0.28,1,14,normal
04/09/2026 13:06:51.000,5000-5002,-0.2606,-0.0777,0.0105,0.2721,0.28,1,14,normal
04/09/2026 13:06:51.000,5000-5001,0.2648,0.1064,0.0077,0.2855,0.28,1,14,normal
04/09/2026 13:06:52.000,5000-5002,-0.2613,-0.0764,0.0123,0.2725,0.28,1,14,normal
04/09/2026 13:06:52.000,5000-5001,0.2635,0.1077,0.0102,0.2848,0.28,1,14,normal
04/09/2026 13:06:53.000,5000-5001,0.2655,0.1072,0.0094,0.2865,0.28,1,14,normal
04/09/2026 13:06:53.000,5000-5002,-0.2596,-0.0769,0.0101,0.2709,0.28,1,14,normal
04/09/2026 13:06:54.000,5000-5001,0.2679,0.1064,0.0136,0.2886,0.28,1,14,normal
04/09/2026 13:06:54.000,5000-5002,-0.2567,-0.0761,0.0156,0.2682,0.28,1,14,normal
04/09/2026 13:06:55.000,5000-5001,0.2652,0.1071,0.0045,0.286,0.28,1,14,normal
04/09/2026 13:06:55.000,5000-5002,-0.2605,-0.0769,0.0071,0.2717,0.28,1,14,normal
04/09/2026 13:06:56.000,5000-5002,-0.2603,-0.0757,0.0084,0.2712,0.28,1,14,normal
04/09/2026 13:06:56.000,5000-5001,0.265,0.1074,0.0036,0.286,0.28,1,14,normal
04/09/2026 13:06:57.000,5000-5002,-0.2623,-0.0766,0.0074,0.2734,0.28,1,14,normal
04/09/2026 13:06:57.000,5000-5001,0.2639,0.1068,0.0053,0.2847,0.28,1,14,normal
04/09/2026 13:06:58.000,5000-5001,0.2642,0.1072,0.0052,0.2852,0.28,1,14,normal
04/09/2026 13:06:58.000,5000-5002,-0.2633,-0.0759,0.0085,0.2742,0.28,1,14,normal
04/09/2026 13:06:59.000,5000-5002,-0.2602,-0.0758,0.0102,0.2712,0.28,1,14,normal
04/09/2026 13:06:59.000,5000-5001,0.265,0.1077,0.0078,0.2862,0.28,1,14,normal
04/09/2026 13:07:00.000,5000-5001,0.2655,0.1078,0.005,0.2866,0.28,1,14,normal
04/09/2026 13:07:00.000,5000-5002,-0.2615,-0.0769,0.0092,0.2727,0.28,1,14,normal
04/09/2026 13:07:01.000,5000-5001,0.2634,0.1076,0.0073,0.2846,0.28,1,14,normal
04/09/2026 13:07:01.000,5000-5002,-0.2619,-0.0758,0.0115,0.2729,0.28,1,14,normal
04/09/2026 13:07:02.000,5000-5001,0.2645,0.1082,0.0058,0.2858,0.28,1,14,normal
04/09/2026 13:07:02.000,5000-5002,-0.2609,-0.0751,0.0079,0.2716,0.28,1,14,normal
04/09/2026 13:07:03.000,5000-5002,-0.2617,-0.0763,0.0098,0.2728,0.28,1,14,normal
04/09/2026 13:07:03.000,5000-5001,0.2626,0.1071,0.0056,0.2837,0.28,1,14,normal
04/09/2026 13:07:04.000,5000-5002,-0.2608,-0.0747,0.012,0.2716,0.28,1,14,normal
04/09/2026 13:07:04.000,5000-5001,0.264,0.1089,0.0079,0.2857,0.28,1,14,normal
04/09/2026 13:07:05.000,5000-5001,0.2628,0.109,0.0055,0.2846,0.28,1,14,normal
04/09/2026 13:07:05.000,5000-5002,-0.2618,-0.0745,0.0086,0.2723,0.28,1,14,normal
04/09/2026 13:07:06.000,5000-5001,0.2648,0.1077,0.0044,0.2859,0.28,1,14,normal
04/09/2026 13:07:06.000,5000-5002,-0.261,-0.0769,0.0095,0.2723,0.28,1,14,normal
04/09/2026 13:07:07.000,5000-5002,-0.2607,-0.0773,0.0056,0.272,0.28,1,14,normal
04/09/2026 13:07:07.000,5000-5001,0.2649,0.1076,0.0023,0.2859,0.28,1,14,normal
04/09/2026 13:07:08.000,5000-5001,0.2637,0.1067,0.0062,0.2845,0.28,1,14,normal
04/09/2026 13:07:08.000,5000-5002,-0.2619,-0.0772,0.0121,0.2733,0.28,1,14,normal
04/09/2026 13:07:09.000,5000-5001,0.2636,0.107,0.0068,0.2846,0.28,1,14,normal
04/09/2026 13:07:09.000,5000-5002,-0.2627,-0.0777,0.0104,0.2741,0.28,1,14,normal
04/09/2026 13:07:10.000,5000-5001,0.263,0.1065,0.006,0.2838,0.28,1,14,normal
04/09/2026 13:07:10.000,5000-5002,-0.262,-0.0778,0.0109,0.2735,0.28,1,14,normal
04/09/2026 13:07:11.000,5000-5001,0.2627,0.1065,0.0075,0.2836,0.28,1,14,normal
04/09/2026 13:07:11.000,5000-5002,-0.2623,-0.079,0.0107,0.2741,0.28,1,14,normal
04/09/2026 13:07:12.000,5000-5002,-0.2609,-0.0764,0.0122,0.2721,0.28,1,14,normal
04/09/2026 13:07:12.000,5000-5001,0.2632,0.1082,0.0084,0.2847,0.28,1,14,normal
04/09/2026 13:07:13.000,5000-5001,0.2602,0.1079,0.0122,0.2819,0.28,1,14,normal
04/09/2026 13:07:13.000,5000-5002,-0.2613,-0.0764,0.0096,0.2724,0.28,1,14,normal
04/09/2026 13:07:14.000,5000-5001,0.2642,0.1082,0.0073,0.2856,0.28,1,14,normal
04/09/2026 13:07:14.000,5000-5002,-0.2612,-0.0776,0.0115,0.2727,0.28,1,14,normal
04/09/2026 13:07:15.000,5000-5002,-0.2617,-0.0771,0.0115,0.2731,0.28,1,14,normal
04/09/2026 13:07:15.000,5000-5001,0.2629,0.1072,0.0057,0.284,0.28,1,14,normal
04/09/2026 13:07:16.000,5000-5001,0.2634,0.1081,0.0076,0.2848,0.28,1,14,normal
04/09/2026 13:07:16.000,5000-5002,-0.2609,-0.076,0.0137,0.2721,0.28,1,14,normal
04/09/2026 13:07:17.000,5000-5001,0.2632,0.1088,0.0046,0.2848,0.28,1,14,normal
04/09/2026 13:07:17.000,5000-5002,-0.2607,-0.0765,0.0093,0.2719,0.28,1,14,normal
04/09/2026 13:07:18.000,5000-5001,0.2629,0.1088,0.0086,0.2847,0.28,1,14,normal
04/09/2026 13:07:18.000,5000-5002,-0.2617,-0.0753,0.0127,0.2726,0.28,1,14,normal
04/09/2026 13:07:19.000,5000-5001,0.2635,0.108,0.0059,0.2848,0.28,1,14,normal
04/09/2026 13:07:19.000,5000-5002,-0.2614,-0.0755,0.0098,0.2723,0.28,1,14,normal
04/09/2026 13:07:20.000,5000-5001,0.2638,0.1086,0.0112,0.2855,0.28,1,14,normal
04/09/2026 13:07:20.000,5000-5002,-0.2619,-0.0767,0.0106,0.2731,0.28,1,14,normal
04/09/2026 13:07:21.000,5000-5002,-0.2645,-0.0761,0.0146,0.2756,0.28,1,14,normal
04/09/2026 13:07:21.000,5000-5001,0.2608,0.1072,0.0107,0.2822,0.28,1,14,normal
04/09/2026 13:07:22.000,5000-5002,-0.264,-0.0788,0.0144,0.2759,0.28,1,14,normal
04/09/2026 13:07:22.000,5000-5001,0.2625,0.108,0.006,0.2839,0.28,1,14,normal
